id;start_date;end_date;language
1;2026-06-09T21:27:28;2026-06-10T10:48:39;FRENCH
2;2026-06-10T02:28:26;2026-06-10T02:32:21;FRENCH
3;2026-06-10T05:39:42;2026-06-10T16:20:28;ENGLISH
4;2026-06-10T10:35:39;2026-06-10T15:13:30;ENGLISH
5;2026-06-10T10:52:56;2026-06-10T20:00:46;ENGLISH
6;2026-06-10T17:21:47;2026-06-10T08:45:23;ENGLISH
7;2026-06-10T07:09:15;2026-06-10T05:02:43;ENGLISH
8;2026-06-09T23:48:32;2026-06-10T12:11:26;SPANISH
9;2026-06-10T03:22:47;2026-06-10T08:09:35;SPANISH
10;2026-06-10T15:17:53;2026-06-10T03:11:16;FRENCH
